employee_id,full_name,role,department,email,location,date_of_birth,date_of_joining,manager_id,salary,leave_balance,leaves_taken,attendance_pct,performance_rating,last_review_date,login_id
FINEMP1000,Aadhya Patel,Sales Manager,Sales,aadhya.patel@fintechco.com,Ahmedabad,1991-04-03,2018-11-20,FINEMP1006,1332478.37,22,11,99.31,3,2024-05-21,ssa1000
FINEMP1001,Isha Chowdhury,Credit Officer,Finance,isha.chowdhury@fintechco.com,Pune,1995-09-21,2021-05-20,FINEMP1005,1491158.23,8,3,85.15,5,2024-01-20,sfi1001
FINEMP1002,Sakshi Malhotra,Relationship Manager,Sales,sakshi.malhotra@fintechco.com,Ahmedabad,1993-08-05,2023-04-17,FINEMP1008,1448927.95,21,7,86.31,2,2025-02-11,ssa1002
FINEMP1003,Krishna Malhotra,Business Analyst,Business,krishna.malhotra@fintechco.com,Pune,1984-12-20,2018-06-10,FINEMP1003,519865.26,12,5,84.34,1,2024-07-24,sbu1003
FINEMP1004,Aadhya Saxena,Marketing Manager,Marketing,aadhya.saxena@fintechco.com,Lucknow,1986-03-31,2022-12-20,FINEMP1008,1922205.04,21,10,86.03,3,2024-01-12,sma1004
FINEMP1005,Shaurya Joshi,Financial Analyst,Finance,shaurya.joshi@fintechco.com,Delhi,1977-05-28,2020-10-31,FINEMP1009,1085205.18,4,4,82.77,2,2024-09-15,sfi1005
FINEMP1006,Sara Sharma,QA Engineer,Quality Assurance,sara.sharma@fintechco.com,Delhi,1989-12-26,2021-05-15,FINEMP1004,660681.91,11,10,96.49,2,2024-02-26,sqa1006
FINEMP1007,Prisha Mehta,Marketing Manager,Marketing,prisha.mehta@fintechco.com,Bengaluru,1976-11-01,2020-11-30,FINEMP1000,1149019.58,11,10,82.97,4,2024-01-31,sma1007
FINEMP1008,Aadhya Chowdhury,Customer Support,Operations,aadhya.chowdhury@fintechco.com,Mumbai,1977-06-18,2019-02-12,FINEMP1007,370315.98,7,5,96.92,5,2024-08-07,sop1008
FINEMP1009,Sai Gupta,Credit Officer,Finance,sai.gupta@fintechco.com,Hyderabad,1976-09-21,2021-10-13,FINEMP1009,309717.04,10,4,90.29,2,2025-04-22,sfi1009
FINEMP1010,Vihaan Chowdhury,HR Manager,HR,vihaan.chowdhury@fintechco.com,Kolkata,1996-12-31,2021-10-23,FINEMP1007,1201969.11,10,2,99.98,5,2024-04-20,shr1010
FINEMP1011,Sai Sharma,Business Analyst,Business,sai.sharma@fintechco.com,Ahmedabad,1975-03-02,2021-05-21,FINEMP1004,1129637.9,24,7,97.41,5,2024-01-07,sbu1011
FINEMP1012,Ishaan Patel,Security Engineer,Technology,ishaan.patel@fintechco.com,Hyderabad,1977-08-20,2021-03-14,FINEMP1007,1703783.22,13,1,97.57,3,2024-11-28,ste1012
FINEMP1013,Prisha Banerjee,Security Engineer,Technology,prisha.banerjee@fintechco.com,Hyderabad,1982-02-25,2020-04-12,FINEMP1009,759800.28,8,2,99.38,1,2024-11-06,ste1013
FINEMP1014,Isha Desai,Treasury Analyst,Finance,isha.desai@fintechco.com,Chennai,1983-11-05,2023-03-25,FINEMP1002,467884.86,17,8,87.03,3,2024-06-18,sfi1014
FINEMP1015,Ananya Singh,HR Manager,HR,ananya.singh@fintechco.com,Ahmedabad,1994-07-14,2018-08-17,FINEMP1001,1074426.0,1,0,86.84,4,2024-07-06,shr1015
FINEMP1016,Ananya Reddy,Relationship Manager,Sales,ananya.reddy@fintechco.com,Ahmedabad,1980-10-27,2020-07-10,FINEMP1003,1876390.13,28,5,85.52,5,2025-03-16,ssa1016
FINEMP1017,Prisha Saxena,DevOps Engineer,Technology,prisha.saxena@fintechco.com,Bengaluru,1977-05-17,2019-10-20,FINEMP1004,526736.68,20,6,88.24,1,2025-04-10,ste1017
FINEMP1018,Vivaan Reddy,Compliance Officer,Compliance,vivaan.reddy@fintechco.com,Chennai,1975-11-20,2024-11-17,FINEMP1001,480639.52,29,17,89.53,5,2024-05-09,sco1018
FINEMP1019,Isha Chowdhury,Relationship Manager,Sales,isha.chowdhury@fintechco.com,Lucknow,1985-08-21,2019-03-06,FINEMP1000,443210.71,11,3,87.92,5,2024-12-20,ssa1019
FINEMP1020,Krishna Verma,Sales Manager,Sales,krishna.verma@fintechco.com,Mumbai,1978-06-25,2024-11-29,FINEMP1007,969422.69,24,13,94.35,1,2024-09-14,ssa1020
FINEMP1021,Vihaan Verma,Treasury Analyst,Finance,vihaan.verma@fintechco.com,Delhi,1976-07-27,2022-05-29,FINEMP1006,1940128.43,23,4,83.76,1,2025-03-14,sfi1021
FINEMP1022,Sai Khan,Customer Support,Operations,sai.khan@fintechco.com,Kolkata,1988-06-03,2023-09-07,FINEMP1005,1392523.21,9,4,81.41,1,2025-03-31,sop1022
FINEMP1023,Krishna Gupta,Business Analyst,Business,krishna.gupta@fintechco.com,Lucknow,1992-03-23,2024-05-06,FINEMP1004,1154429.09,16,7,80.64,2,2024-01-06,sbu1023
FINEMP1024,Reyansh Mehta,Security Engineer,Technology,reyansh.mehta@fintechco.com,Delhi,1994-12-19,2023-03-23,FINEMP1001,611560.84,29,8,91.43,2,2025-01-17,ste1024
FINEMP1025,Krishna Reddy,Marketing Manager,Marketing,krishna.reddy@fintechco.com,Hyderabad,1999-06-08,2021-06-12,FINEMP1004,340969.05,18,4,84.73,3,2024-04-05,sma1025
FINEMP1026,Ishaan Patel,Blockchain Developer,Technology,ishaan.patel@fintechco.com,Delhi,1983-12-04,2024-08-25,FINEMP1007,1836299.49,14,13,86.13,1,2024-12-12,ste1026
FINEMP1027,Myra Desai,Security Engineer,Technology,myra.desai@fintechco.com,Ahmedabad,1978-10-20,2019-02-25,FINEMP1009,1710679.64,4,2,96.01,1,2024-06-08,ste1027
FINEMP1028,Isha Nair,Compliance Officer,Compliance,isha.nair@fintechco.com,Bengaluru,1983-11-14,2024-06-04,FINEMP1007,1343177.54,20,6,96.85,4,2025-03-14,sco1028
FINEMP1029,Aditya Patel,Data Analyst,Data,aditya.patel@fintechco.com,Pune,1997-06-28,2020-01-17,FINEMP1009,1128053.06,23,11,97.48,2,2025-02-21,sda1029
FINEMP1030,Vihaan Reddy,Data Scientist,Data,vihaan.reddy@fintechco.com,Chennai,1984-01-30,2020-04-27,FINEMP1003,436056.24,25,13,90.6,5,2024-02-07,sda1030
FINEMP1031,Isha Desai,Compliance Officer,Compliance,isha.desai@fintechco.com,Lucknow,1996-06-26,2023-12-16,FINEMP1009,1363418.93,6,6,84.54,5,2024-12-14,sco1031
FINEMP1032,Arjun Desai,Financial Analyst,Finance,arjun.desai@fintechco.com,Ahmedabad,1985-01-29,2024-10-21,FINEMP1009,1069322.39,29,24,96.83,1,2024-01-20,sfi1032
FINEMP1033,Saanvi Bhat,Risk Analyst,Risk,saanvi.bhat@fintechco.com,Hyderabad,1985-10-07,2022-06-26,FINEMP1003,1513021.23,8,2,97.62,1,2024-10-09,sri1033
FINEMP1034,Diya Desai,Marketing Manager,Marketing,diya.desai@fintechco.com,Ahmedabad,1980-09-05,2023-01-09,FINEMP1002,1243560.93,26,4,97.76,2,2024-09-08,sma1034
FINEMP1035,Arjun Chopra,Treasury Analyst,Finance,arjun.chopra@fintechco.com,Bengaluru,1991-04-25,2019-02-20,FINEMP1005,1507283.59,21,11,80.39,3,2025-04-04,sfi1035
FINEMP1036,Avni Khan,Business Analyst,Business,avni.khan@fintechco.com,Hyderabad,1977-11-16,2022-05-08,FINEMP1002,1875290.4,17,10,91.5,4,2024-07-05,sbu1036
FINEMP1037,Vihaan Garg,Sales Manager,Sales,vihaan.garg@fintechco.com,Jaipur,1986-08-12,2023-02-05,FINEMP1001,403990.23,19,19,99.74,5,2024-01-10,ssa1037
FINEMP1038,Diya Bhat,Security Engineer,Technology,diya.bhat@fintechco.com,Pune,1994-01-23,2018-02-22,FINEMP1007,1152589.39,4,3,92.5,4,2024-05-13,ste1038
FINEMP1039,Sai Desai,DevOps Engineer,Technology,sai.desai@fintechco.com,Bengaluru,1994-08-25,2021-08-28,FINEMP1005,1246312.4,10,3,90.36,5,2024-10-24,ste1039
FINEMP1040,Vihaan Reddy,QA Engineer,Quality Assurance,vihaan.reddy@fintechco.com,Hyderabad,1985-02-08,2021-04-23,FINEMP1006,1039818.46,8,7,94.28,3,2024-03-24,sqa1040
FINEMP1041,Shaurya Joshi,Relationship Manager,Sales,shaurya.joshi@fintechco.com,Mumbai,1995-01-15,2023-06-15,FINEMP1000,1703490.23,7,6,90.84,1,2024-07-30,ssa1041
FINEMP1042,Vihaan Desai,Customer Support,Operations,vihaan.desai@fintechco.com,Pune,1992-12-01,2024-03-28,FINEMP1007,1785167.47,16,1,89.15,4,2025-04-28,sop1042
FINEMP1043,Aadhya Singh,Sales Manager,Sales,aadhya.singh@fintechco.com,Pune,1984-05-24,2024-06-02,FINEMP1000,849227.01,17,14,91.97,4,2024-02-16,ssa1043
FINEMP1044,Isha Desai,Software Engineer,Technology,isha.desai@fintechco.com,Chennai,1988-12-22,2021-12-03,FINEMP1008,667541.44,9,1,88.61,5,2024-09-13,ste1044
FINEMP1045,Ananya Banerjee,Data Analyst,Data,ananya.banerjee@fintechco.com,Mumbai,1996-04-07,2023-10-29,FINEMP1000,911824.83,14,4,99.1,4,2025-02-05,sda1045
FINEMP1046,Shaurya Joshi,Marketing Manager,Marketing,shaurya.joshi@fintechco.com,Kolkata,1987-12-21,2018-11-03,FINEMP1008,865704.81,19,17,94.1,1,2024-04-13,sma1046
FINEMP1047,Ishaan Singh,Business Analyst,Business,ishaan.singh@fintechco.com,Chennai,1981-11-25,2018-11-25,FINEMP1007,1858162.08,24,24,86.19,5,2025-03-06,sbu1047
FINEMP1048,Isha Singh,Financial Analyst,Finance,isha.singh@fintechco.com,Delhi,1994-10-22,2023-03-26,FINEMP1008,1386670.96,14,7,98.85,3,2024-07-31,sfi1048
FINEMP1049,Arjun Garg,Product Manager,Product,arjun.garg@fintechco.com,Hyderabad,1977-09-17,2024-05-08,FINEMP1005,1447037.81,13,4,85.89,5,2024-02-01,spr1049
FINEMP1050,Myra Gupta,QA Engineer,Quality Assurance,myra.gupta@fintechco.com,Lucknow,1982-10-12,2021-02-01,FINEMP1008,865633.34,25,6,97.9,1,2024-05-17,sqa1050
FINEMP1051,Reyansh Saxena,Security Engineer,Technology,reyansh.saxena@fintechco.com,Bengaluru,1992-10-09,2023-09-01,FINEMP1000,1064443.02,26,2,80.35,4,2025-04-15,ste1051
FINEMP1052,Ishaan Singh,Relationship Manager,Sales,ishaan.singh@fintechco.com,Kolkata,1998-05-14,2018-07-09,FINEMP1000,1673343.38,0,0,80.95,4,2024-06-08,ssa1052
FINEMP1053,Isha Sharma,Customer Support,Operations,isha.sharma@fintechco.com,Kolkata,1991-12-07,2020-11-08,FINEMP1002,1502270.01,7,7,91.65,5,2024-05-12,sop1053
FINEMP1054,Ishaan Singh,Data Scientist,Data,ishaan.singh@fintechco.com,Delhi,1975-05-28,2019-10-12,FINEMP1004,1675521.46,21,4,84.17,1,2024-06-21,sda1054
FINEMP1055,Aditya Saxena,HR Manager,HR,aditya.saxena@fintechco.com,Ahmedabad,1981-08-27,2024-09-30,FINEMP1009,745459.27,11,2,91.63,1,2024-03-07,shr1055
FINEMP1056,Saanvi Bhat,UX Designer,Design,saanvi.bhat@fintechco.com,Delhi,1980-10-25,2018-08-15,FINEMP1004,685364.51,2,1,99.67,2,2024-06-24,sde1056
FINEMP1057,Aditya Kapoor,Marketing Manager,Marketing,aditya.kapoor@fintechco.com,Lucknow,1979-10-19,2022-04-22,FINEMP1006,1641119.13,10,1,92.5,2,2024-06-07,sma1057
FINEMP1058,Avni Chopra,Financial Analyst,Finance,avni.chopra@fintechco.com,Hyderabad,1990-07-25,2019-09-03,FINEMP1006,1098952.83,8,3,96.31,5,2025-01-31,sfi1058
FINEMP1059,Saanvi Malhotra,Customer Support,Operations,saanvi.malhotra@fintechco.com,Lucknow,1995-05-31,2018-08-30,FINEMP1006,1430154.39,12,12,93.02,2,2025-04-25,sop1059
FINEMP1060,Arjun Mehta,Sales Manager,Sales,arjun.mehta@fintechco.com,Bengaluru,1985-08-27,2020-11-05,FINEMP1007,1258070.34,6,0,98.75,4,2024-09-21,ssa1060
FINEMP1061,Vivaan Chowdhury,Blockchain Developer,Technology,vivaan.chowdhury@fintechco.com,Jaipur,1982-09-21,2020-03-01,FINEMP1008,1349620.28,9,0,81.37,3,2024-01-19,ste1061
FINEMP1062,Ananya Iyer,Product Manager,Product,ananya.iyer@fintechco.com,Chennai,1982-07-13,2019-08-23,FINEMP1007,1641718.19,17,7,96.07,1,2025-03-09,spr1062
FINEMP1063,Aadhya Kapoor,Risk Analyst,Risk,aadhya.kapoor@fintechco.com,Jaipur,1991-07-10,2021-10-27,FINEMP1004,1833641.2,8,1,85.81,2,2024-06-29,sri1063
FINEMP1064,Saanvi Nair,Risk Analyst,Risk,saanvi.nair@fintechco.com,Lucknow,1982-09-11,2021-05-12,FINEMP1004,1809813.11,0,0,83.64,2,2024-05-17,sri1064
FINEMP1065,Myra Garg,Blockchain Developer,Technology,myra.garg@fintechco.com,Lucknow,1989-05-09,2019-03-28,FINEMP1004,1947873.28,6,2,81.24,2,2024-10-03,ste1065
FINEMP1066,Diya Iyer,Sales Manager,Sales,diya.iyer@fintechco.com,Jaipur,1977-05-24,2020-12-19,FINEMP1008,1333935.56,24,10,91.78,1,2025-01-09,ssa1066
FINEMP1067,Shaurya Chopra,Compliance Officer,Compliance,shaurya.chopra@fintechco.com,Lucknow,1998-03-26,2021-10-06,FINEMP1001,368244.88,0,0,80.02,3,2024-05-01,sco1067
FINEMP1068,Shaurya Singh,Data Scientist,Data,shaurya.singh@fintechco.com,Jaipur,1979-05-02,2024-02-23,FINEMP1002,1803057.99,6,0,81.1,3,2024-11-14,sda1068
FINEMP1069,Vivaan Saxena,Risk Analyst,Risk,vivaan.saxena@fintechco.com,Lucknow,1996-07-25,2018-04-21,FINEMP1003,1596298.88,21,12,96.61,4,2024-09-28,sri1069
FINEMP1070,Saanvi Banerjee,Credit Officer,Finance,saanvi.banerjee@fintechco.com,Pune,1978-10-20,2020-12-24,FINEMP1000,1872784.84,17,6,95.36,2,2024-02-04,sfi1070
FINEMP1071,Vivaan Verma,Credit Officer,Finance,vivaan.verma@fintechco.com,Bengaluru,1986-04-27,2019-03-21,FINEMP1008,1643988.07,0,0,98.33,2,2024-10-15,sfi1071
FINEMP1072,Saanvi Gupta,QA Engineer,Quality Assurance,saanvi.gupta@fintechco.com,Bengaluru,1998-08-31,2019-11-08,FINEMP1003,1333187.28,15,1,97.66,3,2024-07-14,sqa1072
FINEMP1073,Diya Nair,Relationship Manager,Sales,diya.nair@fintechco.com,Delhi,1988-11-24,2024-08-22,FINEMP1004,1416536.32,0,0,95.13,5,2025-01-29,ssa1073
FINEMP1074,Vihaan Chopra,Relationship Manager,Sales,vihaan.chopra@fintechco.com,Mumbai,1996-03-28,2024-09-10,FINEMP1005,1938308.68,6,5,92.42,3,2025-04-12,ssa1074
FINEMP1075,Ananya Khan,QA Engineer,Quality Assurance,ananya.khan@fintechco.com,Mumbai,1994-03-30,2019-05-14,FINEMP1009,687174.91,6,4,87.01,5,2025-04-27,sqa1075
FINEMP1076,Avni Chowdhury,Credit Officer,Finance,avni.chowdhury@fintechco.com,Delhi,1994-03-28,2022-01-25,FINEMP1008,589221.29,27,26,88.76,4,2024-02-25,sfi1076
FINEMP1077,Krishna Nair,UX Designer,Design,krishna.nair@fintechco.com,Mumbai,1995-08-16,2019-12-07,FINEMP1004,1477253.1,8,5,97.75,1,2024-08-06,sde1077
FINEMP1078,Prisha Chopra,Data Analyst,Data,prisha.chopra@fintechco.com,Lucknow,1981-03-18,2023-08-01,FINEMP1001,1438958.04,24,1,90.49,2,2024-02-28,sda1078
FINEMP1079,Krishna Iyer,Financial Analyst,Finance,krishna.iyer@fintechco.com,Ahmedabad,1984-02-29,2023-10-05,FINEMP1000,1507078.74,20,11,87.41,3,2024-01-22,sfi1079
FINEMP1080,Avni Reddy,Data Analyst,Data,avni.reddy@fintechco.com,Pune,1995-01-29,2021-02-24,FINEMP1000,400948.72,14,0,81.49,5,2024-12-08,sda1080
FINEMP1081,Sakshi Malhotra,Credit Officer,Finance,sakshi.malhotra@fintechco.com,Mumbai,1997-06-09,2019-06-09,FINEMP1004,1113984.52,25,18,80.71,3,2024-07-26,sfi1081
FINEMP1082,Vihaan Chowdhury,Financial Analyst,Finance,vihaan.chowdhury@fintechco.com,Hyderabad,1998-06-24,2018-07-22,FINEMP1005,1036719.56,18,7,93.4,2,2024-01-21,sfi1082
FINEMP1083,Krishna Malhotra,Sales Manager,Sales,krishna.malhotra@fintechco.com,Pune,1976-08-20,2022-12-26,FINEMP1001,1413177.7,25,21,91.85,1,2024-01-21,ssa1083
FINEMP1084,Saanvi Chowdhury,Business Analyst,Business,saanvi.chowdhury@fintechco.com,Pune,1976-03-24,2023-06-22,FINEMP1004,1982774.95,5,4,99.17,2,2024-06-10,sbu1084
FINEMP1085,Aadhya Mehta,QA Engineer,Quality Assurance,aadhya.mehta@fintechco.com,Kolkata,1983-12-03,2021-10-11,FINEMP1000,1026240.03,6,6,92.28,2,2024-12-19,sqa1085
FINEMP1086,Diya Iyer,Data Analyst,Data,diya.iyer@fintechco.com,Kolkata,1989-09-24,2018-11-28,FINEMP1006,1950772.9,2,2,88.26,5,2024-03-21,sda1086
FINEMP1087,Avni Nair,Relationship Manager,Sales,avni.nair@fintechco.com,Chennai,1999-08-05,2021-10-06,FINEMP1008,1333720.85,19,3,90.98,2,2024-05-16,ssa1087
FINEMP1088,Avni Chowdhury,Customer Support,Operations,avni.chowdhury@fintechco.com,Delhi,1989-05-18,2020-11-25,FINEMP1005,614347.62,15,0,98.8,5,2024-04-14,sop1088
FINEMP1089,Aarav Joshi,Security Engineer,Technology,aarav.joshi@fintechco.com,Lucknow,1977-05-07,2021-03-01,FINEMP1003,330010.27,4,4,82.24,1,2024-10-29,ste1089
FINEMP1090,Arjun Chowdhury,Software Engineer,Technology,arjun.chowdhury@fintechco.com,Hyderabad,1993-02-04,2022-07-30,FINEMP1007,454938.59,23,9,91.15,1,2024-09-26,ste1090
FINEMP1091,Diya Desai,Compliance Officer,Compliance,diya.desai@fintechco.com,Chennai,1982-05-28,2022-03-23,FINEMP1008,1262938.4,19,3,86.4,1,2024-08-30,sco1091
FINEMP1092,Ananya Nair,HR Manager,HR,ananya.nair@fintechco.com,Hyderabad,1997-11-12,2019-11-25,FINEMP1003,512211.07,4,4,85.19,3,2024-05-18,shr1092
FINEMP1093,Shaurya Sharma,Product Manager,Product,shaurya.sharma@fintechco.com,Mumbai,1976-10-18,2024-07-28,FINEMP1002,1325752.2,12,9,93.73,5,2024-01-31,spr1093
FINEMP1094,Aarav Kapoor,UX Designer,Design,aarav.kapoor@fintechco.com,Lucknow,1994-12-04,2023-06-29,FINEMP1007,1373465.39,24,2,91.59,2,2024-10-23,sde1094
FINEMP1095,Ananya Khan,QA Engineer,Quality Assurance,ananya.khan@fintechco.com,Delhi,1997-04-09,2021-03-12,FINEMP1008,305337.03,18,4,88.06,5,2024-02-15,sqa1095
FINEMP1096,Krishna Bhat,Credit Officer,Finance,krishna.bhat@fintechco.com,Delhi,1983-07-25,2022-03-25,FINEMP1003,807527.48,8,6,97.67,3,2024-01-04,sfi1096
FINEMP1097,Sakshi Kapoor,Marketing Manager,Marketing,sakshi.kapoor@fintechco.com,Bengaluru,1995-09-14,2018-02-10,FINEMP1000,1468652.84,18,14,94.91,2,2024-05-14,sma1097
FINEMP1098,Arjun Patel,Risk Analyst,Risk,arjun.patel@fintechco.com,Jaipur,1994-01-29,2018-11-26,FINEMP1004,1521060.31,19,9,92.26,4,2024-08-06,sri1098
FINEMP1099,Shaurya Chowdhury,DevOps Engineer,Technology,shaurya.chowdhury@fintechco.com,Mumbai,1996-11-20,2020-07-28,FINEMP1008,586137.55,12,3,95.52,3,2024-11-09,ste1099
FINEMP1100,Amaira Banerjee,Customer Support,Operations,amaira.banerjee@fintechco.com,Delhi,1982-08-05,2019-03-10,FINEMP1001,1450389.13,28,17,81.74,4,2024-01-25,sop1100
FINEMP1101,Aarav Chopra,Marketing Manager,Marketing,aarav.chopra@fintechco.com,Delhi,1992-03-12,2023-02-14,FINEMP1000,1254116.61,22,20,94.03,4,2024-06-20,sma1101
FINEMP1102,Saanvi Singh,Customer Support,Operations,saanvi.singh@fintechco.com,Ahmedabad,1980-06-07,2023-12-10,FINEMP1006,878425.88,4,6,99.14,3,2024-03-20,sop1102
FINEMP1103,Akshara Mehta,Financial Analyst,Finance,akshara.mehta@fintechco.com,Mumbai,1986-09-14,2023-02-19,FINEMP1004,1672118.06,23,14,90.72,4,2024-03-02,sfi1103
FINEMP1104,Shaurya Kapoor,Product Manager,Product,shaurya.kapoor@fintechco.com,Mumbai,1994-08-24,2019-08-21,FINEMP1001,377901.45,7,24,85.79,1,2024-06-29,spr1104
FINEMP1105,Amaira Mehta,Customer Support,Operations,amaira.mehta@fintechco.com,Kolkata,1996-08-18,2021-02-07,FINEMP1002,929307.64,6,21,85.34,1,2025-04-18,sop1105
FINEMP1106,Arjun Sharma,QA Engineer,Quality Assurance,arjun.sharma@fintechco.com,Lucknow,1990-09-23,2021-03-24,FINEMP1004,1982189.7,20,22,91.14,3,2024-02-13,sqa1106
FINEMP1107,Diya Bhat,Security Engineer,Technology,diya.bhat@fintechco.com,Hyderabad,1984-02-10,2018-07-25,FINEMP1003,1852331.41,18,28,94.36,2,2025-01-22,ste1107
FINEMP1108,Prisha Patel,Treasury Analyst,Finance,prisha.patel@fintechco.com,Bengaluru,1979-10-02,2020-02-06,FINEMP1008,1216261.39,23,18,88.57,5,2024-11-06,sfi1108
FINEMP1109,Myra Iyer,Treasury Analyst,Finance,myra.iyer@fintechco.com,Chennai,1991-10-17,2018-10-10,FINEMP1000,1763874.95,4,20,83.2,4,2025-04-08,sfi1109
FINEMP1110,Akshara Mehta,Software Engineer,Technology,akshara.mehta@fintechco.com,Jaipur,1990-12-04,2022-07-02,FINEMP1004,1950833.24,27,30,80.23,1,2025-02-21,ste1110
FINEMP1111,Ishaan Khan,Financial Analyst,Finance,ishaan.khan@fintechco.com,Bengaluru,1989-10-17,2019-05-07,FINEMP1007,305517.04,23,28,94.39,5,2024-05-18,sfi1111
FINEMP1112,Sakshi Chowdhury,HR Manager,HR,sakshi.chowdhury@fintechco.com,Chennai,1995-09-21,2019-09-10,FINEMP1002,935653.55,5,17,99.07,5,2024-01-01,shr1112
FINEMP1113,Vivaan Khan,Data Scientist,Data,vivaan.khan@fintechco.com,Ahmedabad,1978-10-22,2021-02-01,FINEMP1004,707068.93,7,28,91.35,1,2024-03-07,sda1113
FINEMP1114,Sai Chopra,Risk Analyst,Risk,sai.chopra@fintechco.com,Lucknow,1979-05-15,2023-08-12,FINEMP1007,1909642.76,5,8,90.55,5,2024-11-24,sri1114
FINEMP1115,Avni Sharma,Marketing Manager,Marketing,avni.sharma@fintechco.com,Bengaluru,1988-07-29,2023-09-18,FINEMP1005,1044770.14,16,14,82.42,2,2024-02-19,sma1115
FINEMP1116,Krishna Banerjee,UX Designer,Design,krishna.banerjee@fintechco.com,Chennai,1982-10-30,2023-01-03,FINEMP1003,312224.43,22,20,81.18,1,2024-01-25,sde1116
FINEMP1117,Krishna Chopra,Compliance Officer,Compliance,krishna.chopra@fintechco.com,Delhi,1984-06-22,2023-09-10,FINEMP1007,664202.57,4,23,98.71,5,2025-03-23,sco1117
FINEMP1118,Sai Iyer,Data Scientist,Data,sai.iyer@fintechco.com,Hyderabad,1981-06-24,2018-10-21,FINEMP1001,1420270.67,11,13,88.22,1,2024-03-17,sda1118
FINEMP1119,Advik Mehta,Security Engineer,Technology,advik.mehta@fintechco.com,Pune,1983-06-18,2019-08-19,FINEMP1003,1211685.78,4,13,83.67,4,2024-07-13,ste1119
FINEMP1120,Akshara Patel,Risk Analyst,Risk,akshara.patel@fintechco.com,Pune,1976-09-20,2023-07-20,FINEMP1008,1721246.89,2,29,95.07,2,2024-05-09,sri1120
FINEMP1121,Reyansh Reddy,Data Scientist,Data,reyansh.reddy@fintechco.com,Delhi,1988-08-23,2018-07-02,FINEMP1002,944254.3,12,8,98.53,4,2024-08-09,sda1121
FINEMP1122,Reyansh Sharma,Data Scientist,Data,reyansh.sharma@fintechco.com,Lucknow,1981-06-17,2020-07-10,FINEMP1003,1946805.92,18,23,90.84,3,2024-02-14,sda1122
FINEMP1123,Advik Singh,Data Scientist,Data,advik.singh@fintechco.com,Chennai,1993-01-26,2019-05-05,FINEMP1000,1933324.14,2,27,83.72,5,2024-02-22,sda1123
FINEMP1124,Diya Mehta,Financial Analyst,Finance,diya.mehta@fintechco.com,Jaipur,1983-05-18,2022-12-04,FINEMP1009,367560.83,2,13,93.15,5,2025-02-10,sfi1124
FINEMP1125,Krishna Joshi,Marketing Manager,Marketing,krishna.joshi@fintechco.com,Mumbai,1983-02-14,2020-04-05,FINEMP1006,522493.08,20,9,89.14,1,2024-01-08,sma1125
FINEMP1126,Saanvi Verma,UX Designer,Design,saanvi.verma@fintechco.com,Pune,1977-06-29,2022-07-29,FINEMP1003,1160003.98,4,29,86.98,1,2024-07-08,sde1126
FINEMP1127,Myra Kapoor,Business Analyst,Business,myra.kapoor@fintechco.com,Kolkata,1993-06-25,2023-12-26,FINEMP1004,1339852.2,25,20,90.58,5,2024-08-20,sbu1127
FINEMP1128,Amaira Desai,Customer Support,Operations,amaira.desai@fintechco.com,Pune,1978-08-23,2024-04-25,FINEMP1008,564261.45,9,19,84.21,3,2024-06-07,sop1128
FINEMP1129,Ishaan Saxena,Data Scientist,Data,ishaan.saxena@fintechco.com,Bengaluru,1976-09-23,2018-10-14,FINEMP1006,1709891.75,1,0,86.67,2,2024-07-22,sda1129
FINEMP1130,Arjun Patel,Risk Analyst,Risk,arjun.patel@fintechco.com,Hyderabad,1994-01-31,2018-01-31,FINEMP1001,427914.56,28,22,98.08,5,2024-01-28,sri1130
FINEMP1131,Myra Singh,Risk Analyst,Risk,myra.singh@fintechco.com,Lucknow,1989-08-16,2019-01-31,FINEMP1000,824039.19,28,29,95.92,1,2024-10-04,sri1131
FINEMP1132,Avni Iyer,Financial Analyst,Finance,avni.iyer@fintechco.com,Mumbai,1994-01-18,2021-06-16,FINEMP1009,1574111.94,29,29,84.73,2,2024-05-17,sfi1132
FINEMP1133,Reyansh Banerjee,Business Analyst,Business,reyansh.banerjee@fintechco.com,Mumbai,1989-01-03,2024-10-28,FINEMP1003,753569.71,25,22,82.16,1,2024-12-31,sbu1133
FINEMP1134,Diya Gupta,Data Analyst,Data,diya.gupta@fintechco.com,Mumbai,1985-05-20,2024-12-24,FINEMP1003,678970.03,21,6,87.97,3,2024-02-23,sda1134
FINEMP1135,Ishaan Malhotra,Compliance Officer,Compliance,ishaan.malhotra@fintechco.com,Hyderabad,1998-02-13,2022-07-24,FINEMP1005,1896703.14,3,28,99.41,2,2025-03-26,sco1135
FINEMP1136,Ishaan Bhat,Financial Analyst,Finance,ishaan.bhat@fintechco.com,Jaipur,1989-10-14,2020-12-10,FINEMP1005,1041869.6,16,3,87.7,5,2024-05-27,sfi1136
FINEMP1137,Ishaan Bhat,Blockchain Developer,Technology,ishaan.bhat@fintechco.com,Ahmedabad,1992-09-09,2024-11-10,FINEMP1008,1467657.15,30,23,94.74,2,2024-10-09,ste1137
FINEMP1138,Reyansh Chopra,Security Engineer,Technology,reyansh.chopra@fintechco.com,Jaipur,1985-09-06,2023-08-24,FINEMP1001,1523582.25,9,16,86.19,4,2024-09-10,ste1138
FINEMP1139,Prisha Kapoor,Risk Analyst,Risk,prisha.kapoor@fintechco.com,Lucknow,1981-07-12,2021-07-30,FINEMP1006,1451440.51,28,5,92.31,3,2024-11-11,sri1139
FINEMP1140,Shaurya Banerjee,HR Manager,HR,shaurya.banerjee@fintechco.com,Bengaluru,1982-02-25,2021-08-28,FINEMP1009,1331324.67,10,14,88.84,2,2025-02-01,shr1140
FINEMP1141,Sai Garg,Credit Officer,Finance,sai.garg@fintechco.com,Bengaluru,1992-07-15,2023-08-25,FINEMP1009,869820.03,26,30,95.02,3,2024-06-23,sfi1141
FINEMP1142,Avni Desai,Sales Manager,Sales,avni.desai@fintechco.com,Ahmedabad,1983-05-01,2022-01-16,FINEMP1009,1744554.08,2,14,88.29,5,2024-05-31,ssa1142
FINEMP1143,Prisha Reddy,Software Engineer,Technology,prisha.reddy@fintechco.com,Delhi,1980-01-08,2023-08-01,FINEMP1000,1817521.7,27,24,97.71,4,2024-06-18,ste1143
FINEMP1144,Arjun Saxena,Data Analyst,Data,arjun.saxena@fintechco.com,Ahmedabad,1993-12-19,2020-02-14,FINEMP1001,1075985.1,25,14,93.35,5,2025-04-07,sda1144
FINEMP1145,Krishna Patel,Product Manager,Product,krishna.patel@fintechco.com,Chennai,1989-07-09,2022-08-30,FINEMP1007,1825253.78,23,27,89.49,3,2024-07-11,spr1145
FINEMP1146,Ishaan Saxena,Data Scientist,Data,ishaan.saxena@fintechco.com,Delhi,1984-05-05,2021-09-28,FINEMP1001,1513026.27,7,8,86.72,5,2024-03-03,sda1146
FINEMP1147,Ananya Desai,QA Engineer,Quality Assurance,ananya.desai@fintechco.com,Hyderabad,1998-08-12,2019-04-20,FINEMP1003,409189.05,13,10,90.85,4,2024-02-18,sqa1147
FINEMP1148,Avni Nair,Software Engineer,Technology,avni.nair@fintechco.com,Jaipur,1998-08-31,2018-03-02,FINEMP1009,946647.75,0,30,87.04,4,2024-11-21,ste1148
FINEMP1149,Shaurya Sharma,Product Manager,Product,shaurya.sharma@fintechco.com,Delhi,1991-08-12,2019-11-13,FINEMP1004,1040921.16,0,12,86.72,4,2024-05-08,spr1149
FINEMP1150,Saanvi Desai,Product Manager,Product,saanvi.desai@fintechco.com,Chennai,1975-12-02,2021-05-09,FINEMP1009,1259466.37,0,2,92.85,2,2024-12-24,spr1150
FINEMP1151,Arjun Bhat,Customer Support,Operations,arjun.bhat@fintechco.com,Hyderabad,1986-02-20,2019-10-20,FINEMP1007,855637.87,24,28,87.58,4,2024-07-14,sop1151
FINEMP1152,Akshara Reddy,Sales Manager,Sales,akshara.reddy@fintechco.com,Chennai,1976-10-09,2020-12-23,FINEMP1003,1405244.96,24,30,93.04,1,2024-07-11,ssa1152
FINEMP1153,Avni Banerjee,Product Manager,Product,avni.banerjee@fintechco.com,Lucknow,1983-02-12,2019-01-28,FINEMP1007,1438080.04,18,30,84.36,3,2024-10-13,spr1153
FINEMP1154,Arjun Verma,Product Manager,Product,arjun.verma@fintechco.com,Pune,1980-07-28,2020-08-24,FINEMP1001,1283764.05,29,9,91.52,4,2024-11-04,spr1154
FINEMP1155,Avni Chopra,UX Designer,Design,avni.chopra@fintechco.com,Delhi,1978-06-20,2023-12-07,FINEMP1004,1745498.51,19,25,82.42,5,2024-02-01,sde1155
FINEMP1156,Myra Sharma,Blockchain Developer,Technology,myra.sharma@fintechco.com,Mumbai,1977-05-06,2022-04-21,FINEMP1005,321508.66,13,26,89.8,4,2024-10-08,ste1156
FINEMP1157,Saanvi Desai,Blockchain Developer,Technology,saanvi.desai@fintechco.com,Lucknow,1999-12-20,2022-06-10,FINEMP1004,1347051.0,29,17,95.49,4,2024-12-04,ste1157
FINEMP1158,Vihaan Joshi,Security Engineer,Technology,vihaan.joshi@fintechco.com,Delhi,1977-12-13,2020-05-16,FINEMP1007,714567.85,14,18,92.21,4,2024-09-18,ste1158
FINEMP1159,Aarav Reddy,Security Engineer,Technology,aarav.reddy@fintechco.com,Lucknow,1991-08-04,2019-10-22,FINEMP1005,1656315.01,10,8,97.61,3,2025-03-07,ste1159
FINEMP1160,Aarav Saxena,Marketing Manager,Marketing,aarav.saxena@fintechco.com,Pune,1983-03-19,2024-02-16,FINEMP1006,1130582.34,24,7,93.81,4,2024-12-14,sma1160
FINEMP1161,Aarav Chopra,HR Manager,HR,aarav.chopra@fintechco.com,Delhi,1988-10-04,2023-11-20,FINEMP1003,820550.25,18,11,89.47,5,2024-09-24,shr1161
FINEMP1162,Reyansh Sharma,Security Engineer,Technology,reyansh.sharma@fintechco.com,Mumbai,1998-11-30,2021-11-10,FINEMP1004,821259.09,7,3,94.43,3,2024-04-02,ste1162
FINEMP1163,Shaurya Garg,Marketing Manager,Marketing,shaurya.garg@fintechco.com,Delhi,1991-06-23,2020-05-09,FINEMP1009,1960231.94,16,19,85.66,1,2024-05-30,sma1163
FINEMP1164,Isha Iyer,DevOps Engineer,Technology,isha.iyer@fintechco.com,Lucknow,1985-04-14,2018-02-13,FINEMP1008,515191.03,1,1,91.07,2,2025-01-16,ste1164
FINEMP1165,Amaira Banerjee,UX Designer,Design,amaira.banerjee@fintechco.com,Bengaluru,1990-12-21,2022-01-27,FINEMP1007,879200.09,30,1,85.05,4,2024-03-29,sde1165
FINEMP1166,Akshara Mehta,Data Scientist,Data,akshara.mehta@fintechco.com,Pune,1994-08-19,2023-05-10,FINEMP1000,557935.91,25,18,98.98,1,2024-07-11,sda1166
FINEMP1167,Amaira Sharma,Blockchain Developer,Technology,amaira.sharma@fintechco.com,Jaipur,1995-04-14,2024-09-22,FINEMP1009,683668.13,16,12,89.01,4,2024-08-18,ste1167
FINEMP1168,Vihaan Nair,HR Manager,HR,vihaan.nair@fintechco.com,Jaipur,1996-02-17,2018-07-07,FINEMP1009,1932184.92,3,30,95.25,2,2024-07-24,shr1168
FINEMP1169,Akshara Garg,QA Engineer,Quality Assurance,akshara.garg@fintechco.com,Lucknow,1993-10-12,2018-08-22,FINEMP1002,304548.73,14,22,91.88,3,2024-01-26,sqa1169
FINEMP1170,Diya Kapoor,HR Manager,HR,diya.kapoor@fintechco.com,Kolkata,1977-06-03,2023-11-06,FINEMP1003,1870648.78,25,25,92.5,2,2024-11-26,shr1170
FINEMP1171,Amaira Sharma,QA Engineer,Quality Assurance,amaira.sharma@fintechco.com,Lucknow,1984-01-15,2019-03-18,FINEMP1001,401384.67,25,9,91.9,5,2024-08-12,sqa1171
FINEMP1172,Saanvi Chowdhury,Data Analyst,Data,saanvi.chowdhury@fintechco.com,Bengaluru,1998-10-22,2021-06-04,FINEMP1004,1150802.7,15,14,81.61,1,2024-12-01,sda1172
FINEMP1173,Krishna Verma,Customer Support,Operations,krishna.verma@fintechco.com,Ahmedabad,1978-02-08,2019-12-13,FINEMP1009,1298108.98,0,24,93.45,3,2025-03-23,sop1173
FINEMP1174,Advik Garg,Data Scientist,Data,advik.garg@fintechco.com,Chennai,1997-03-02,2021-10-05,FINEMP1004,608531.55,18,13,92.7,4,2024-03-11,sda1174
FINEMP1175,Sai Malhotra,Blockchain Developer,Technology,sai.malhotra@fintechco.com,Mumbai,1985-12-03,2023-09-14,FINEMP1001,1758146.26,10,13,93.87,3,2024-11-07,ste1175
FINEMP1176,Shaurya Bhat,Data Analyst,Data,shaurya.bhat@fintechco.com,Pune,1985-09-13,2020-02-24,FINEMP1005,497066.72,24,12,97.3,1,2025-02-25,sda1176
FINEMP1177,Saanvi Nair,Relationship Manager,Sales,saanvi.nair@fintechco.com,Delhi,1992-08-21,2021-01-29,FINEMP1009,1585953.36,20,14,95.2,2,2024-07-26,ssa1177
FINEMP1178,Shaurya Desai,HR Manager,HR,shaurya.desai@fintechco.com,Kolkata,1998-10-04,2022-02-14,FINEMP1001,349078.05,20,19,95.99,2,2024-08-29,shr1178
FINEMP1179,Shaurya Banerjee,Risk Analyst,Risk,shaurya.banerjee@fintechco.com,Hyderabad,1978-03-04,2019-11-30,FINEMP1001,1084461.42,3,20,96.64,4,2024-08-14,sri1179
FINEMP1180,Sakshi Joshi,Blockchain Developer,Technology,sakshi.joshi@fintechco.com,Kolkata,1991-01-25,2020-01-28,FINEMP1007,1237150.63,12,6,98.44,5,2024-04-16,ste1180
FINEMP1181,Akshara Joshi,Blockchain Developer,Technology,akshara.joshi@fintechco.com,Mumbai,1992-04-10,2020-04-10,FINEMP1000,780826.27,9,26,91.74,4,2024-04-25,ste1181
FINEMP1182,Saanvi Sharma,Data Scientist,Data,saanvi.sharma@fintechco.com,Mumbai,1986-04-24,2022-09-11,FINEMP1008,941257.09,29,10,97.39,2,2025-03-20,sda1182
FINEMP1183,Prisha Iyer,Blockchain Developer,Technology,prisha.iyer@fintechco.com,Ahmedabad,1985-10-29,2024-05-02,FINEMP1007,1498887.4,25,12,87.72,2,2025-01-19,ste1183
FINEMP1184,Advik Desai,Compliance Officer,Compliance,advik.desai@fintechco.com,Jaipur,1986-04-18,2018-11-08,FINEMP1007,469509.89,29,14,80.31,2,2024-11-14,sco1184
FINEMP1185,Ananya Chopra,Data Scientist,Data,ananya.chopra@fintechco.com,Bengaluru,1986-07-09,2023-04-21,FINEMP1006,1404722.31,27,10,97.05,5,2024-10-22,sda1185
FINEMP1186,Krishna Reddy,Risk Analyst,Risk,krishna.reddy@fintechco.com,Ahmedabad,1996-01-04,2018-08-01,FINEMP1003,1372973.73,29,9,99.95,1,2024-12-03,sri1186
FINEMP1187,Amaira Chowdhury,Data Analyst,Data,amaira.chowdhury@fintechco.com,Lucknow,1998-08-12,2020-07-19,FINEMP1000,378184.65,25,1,85.87,3,2024-11-30,sda1187
FINEMP1188,Ananya Iyer,Compliance Officer,Compliance,ananya.iyer@fintechco.com,Hyderabad,1994-04-04,2023-10-20,FINEMP1002,588972.2,2,19,97.42,5,2024-07-06,sco1188
FINEMP1189,Sai Singh,Treasury Analyst,Finance,sai.singh@fintechco.com,Delhi,1990-09-09,2023-06-05,FINEMP1004,1081269.85,21,0,97.98,4,2024-08-11,sfi1189
FINEMP1190,Shaurya Garg,Credit Officer,Finance,shaurya.garg@fintechco.com,Kolkata,1986-10-04,2022-12-31,FINEMP1004,1386195.79,13,22,85.0,3,2024-06-03,sfi1190
FINEMP1191,Prisha Reddy,Financial Analyst,Finance,prisha.reddy@fintechco.com,Delhi,1987-12-23,2022-11-12,FINEMP1005,1277180.28,22,9,80.44,4,2024-08-01,sfi1191
FINEMP1192,Aarav Singh,Relationship Manager,Sales,aarav.singh@fintechco.com,Jaipur,1991-11-26,2020-06-08,FINEMP1003,1332010.5,11,7,92.73,5,2024-07-13,ssa1192
FINEMP1193,Ananya Chowdhury,Relationship Manager,Sales,ananya.chowdhury@fintechco.com,Bengaluru,1989-12-31,2018-04-14,FINEMP1009,920264.1,4,2,98.19,3,2024-11-18,ssa1193
FINEMP1194,Arjun Gupta,Treasury Analyst,Finance,arjun.gupta@fintechco.com,Chennai,1987-06-13,2022-07-08,FINEMP1008,1852927.86,26,5,85.14,4,2024-08-17,sfi1194
FINEMP1195,Krishna Chowdhury,Data Analyst,Data,krishna.chowdhury@fintechco.com,Pune,1979-10-16,2024-06-01,FINEMP1003,1762239.01,23,21,99.6,5,2024-10-11,sda1195
FINEMP1196,Akshara Mehta,Sales Manager,Sales,akshara.mehta@fintechco.com,Bengaluru,1993-04-04,2019-01-19,FINEMP1007,926595.62,23,21,85.24,4,2024-10-15,ssa1196
FINEMP1197,Amaira Iyer,Data Scientist,Data,amaira.iyer@fintechco.com,Ahmedabad,1996-01-30,2022-10-11,FINEMP1005,1855935.04,7,20,81.26,4,2024-08-22,sda1197
FINEMP1198,Reyansh Chowdhury,Treasury Analyst,Finance,reyansh.chowdhury@fintechco.com,Ahmedabad,1976-04-07,2020-08-03,FINEMP1007,497404.82,7,28,90.75,4,2024-12-18,sfi1198
FINEMP1199,Myra Sharma,Blockchain Developer,Technology,myra.sharma@fintechco.com,Jaipur,1999-09-21,2019-04-26,FINEMP1006,1413367.23,26,15,92.31,3,2024-01-26,ste1199
FINEMP1200,Myra Gupta,Data Analyst,Data,myra.gupta@fintechco.com,Kolkata,1983-01-13,2021-01-31,FINEMP1001,1967577.12,11,17,98.03,3,2024-02-17,sda1200
FINEMP1201,Prisha Joshi,Marketing Manager,Marketing,prisha.joshi@fintechco.com,Pune,1990-06-22,2018-10-12,FINEMP1003,1390897.59,19,0,81.01,3,2024-07-08,sma1201
FINEMP1202,Ananya Singh,Marketing Manager,Marketing,ananya.singh@fintechco.com,Pune,1993-11-09,2019-10-06,FINEMP1009,667117.3,27,7,86.57,2,2025-04-07,sma1202
FINEMP1203,Aarav Joshi,Treasury Analyst,Finance,aarav.joshi@fintechco.com,Lucknow,1993-05-19,2020-02-18,FINEMP1002,486874.79,27,0,82.64,3,2024-07-03,sfi1203
FINEMP1204,Vihaan Khan,Sales Manager,Sales,vihaan.khan@fintechco.com,Lucknow,1984-01-11,2018-06-12,FINEMP1002,1560920.7,16,3,94.91,4,2024-12-14,ssa1204
FINEMP1205,Myra Saxena,UX Designer,Design,myra.saxena@fintechco.com,Pune,1990-05-19,2022-04-15,FINEMP1003,1907206.59,1,23,95.66,5,2024-08-22,sde1205
FINEMP1206,Saanvi Banerjee,Relationship Manager,Sales,saanvi.banerjee@fintechco.com,Kolkata,1988-08-31,2021-08-17,FINEMP1001,1133457.05,29,14,81.47,1,2024-09-07,ssa1206
FINEMP1207,Vivaan Desai,Credit Officer,Finance,vivaan.desai@fintechco.com,Lucknow,1984-05-10,2023-04-24,FINEMP1009,1232205.94,10,12,99.89,5,2024-08-17,sfi1207
FINEMP1208,Saanvi Saxena,Product Manager,Product,saanvi.saxena@fintechco.com,Hyderabad,1978-05-17,2024-09-30,FINEMP1001,1749747.65,20,28,95.38,2,2024-11-30,spr1208
FINEMP1209,Saanvi Iyer,Blockchain Developer,Technology,saanvi.iyer@fintechco.com,Mumbai,1990-06-06,2021-05-23,FINEMP1006,1540341.26,10,13,86.25,3,2024-10-17,ste1209
FINEMP1210,Ananya Reddy,Credit Officer,Finance,ananya.reddy@fintechco.com,Pune,1977-11-26,2018-10-17,FINEMP1006,464159.54,23,11,96.24,5,2024-02-16,sfi1210
FINEMP1211,Vihaan Sharma,Risk Analyst,Risk,vihaan.sharma@fintechco.com,Mumbai,1997-10-18,2019-01-15,FINEMP1006,901116.74,21,30,95.01,1,2024-08-11,sri1211
FINEMP1212,Vivaan Kapoor,DevOps Engineer,Technology,vivaan.kapoor@fintechco.com,Pune,1994-08-31,2022-04-26,FINEMP1003,563041.3,15,7,96.95,3,2025-03-08,ste1212
FINEMP1213,Myra Chowdhury,Customer Support,Operations,myra.chowdhury@fintechco.com,Jaipur,1982-09-11,2024-11-12,FINEMP1006,1736763.77,24,26,92.43,5,2024-01-21,sop1213
FINEMP1214,Vivaan Joshi,Sales Manager,Sales,vivaan.joshi@fintechco.com,Lucknow,1984-04-19,2023-12-24,FINEMP1004,1866613.79,11,0,83.63,2,2025-03-15,ssa1214
FINEMP1215,Prisha Chopra,Treasury Analyst,Finance,prisha.chopra@fintechco.com,Ahmedabad,1978-02-14,2024-05-07,FINEMP1008,665725.9,13,14,86.82,3,2024-08-30,sfi1215
FINEMP1216,Krishna Singh,Product Manager,Product,krishna.singh@fintechco.com,Pune,1976-10-15,2019-04-29,FINEMP1002,1582540.99,1,21,81.63,4,2024-11-25,spr1216
FINEMP1217,Sai Verma,Data Analyst,Data,sai.verma@fintechco.com,Hyderabad,1984-04-17,2019-11-01,FINEMP1008,493489.76,13,3,85.66,5,2025-01-12,sda1217
FINEMP1218,Sakshi Kapoor,Relationship Manager,Sales,sakshi.kapoor@fintechco.com,Delhi,1988-06-13,2023-02-06,FINEMP1000,313068.05,9,30,84.22,2,2024-07-17,ssa1218
FINEMP1219,Isha Khan,Financial Analyst,Finance,isha.khan@fintechco.com,Ahmedabad,1991-12-04,2024-05-09,FINEMP1006,598681.16,12,17,94.07,5,2025-03-09,sfi1219
FINEMP1220,Myra Chopra,Software Engineer,Technology,myra.chopra@fintechco.com,Ahmedabad,1989-11-04,2018-02-28,FINEMP1007,1865976.14,27,10,91.52,5,2024-11-10,ste1220
FINEMP1221,Reyansh Kapoor,Financial Analyst,Finance,reyansh.kapoor@fintechco.com,Hyderabad,1975-09-17,2020-10-06,FINEMP1002,1662247.66,19,14,96.64,3,2024-03-09,sfi1221
FINEMP1222,Reyansh Chowdhury,QA Engineer,Quality Assurance,reyansh.chowdhury@fintechco.com,Hyderabad,1995-01-14,2021-05-29,FINEMP1008,433700.05,27,9,94.92,2,2024-09-15,sqa1222
FINEMP1223,Arjun Chopra,Compliance Officer,Compliance,arjun.chopra@fintechco.com,Pune,1993-01-20,2022-05-04,FINEMP1003,1840068.64,11,11,94.55,2,2024-07-02,sco1223
FINEMP1224,Amaira Desai,Customer Support,Operations,amaira.desai@fintechco.com,Delhi,1980-11-26,2023-02-15,FINEMP1002,1592366.0,20,2,83.54,4,2024-12-26,sop1224
FINEMP1225,Vihaan Singh,Data Analyst,Data,vihaan.singh@fintechco.com,Jaipur,1996-11-16,2023-05-28,FINEMP1009,849454.01,20,10,83.02,1,2024-12-30,sda1225
FINEMP1226,Saanvi Kapoor,Customer Support,Operations,saanvi.kapoor@fintechco.com,Jaipur,1976-11-29,2020-12-29,FINEMP1008,426124.12,14,14,80.75,3,2024-08-10,sop1226
FINEMP1227,Akshara Chopra,Product Manager,Product,akshara.chopra@fintechco.com,Jaipur,1992-04-02,2021-04-09,FINEMP1007,1286559.99,30,25,94.78,1,2024-12-15,spr1227
FINEMP1228,Vihaan Gupta,Security Engineer,Technology,vihaan.gupta@fintechco.com,Jaipur,1991-03-08,2022-04-07,FINEMP1002,1928128.01,14,3,96.22,3,2024-03-06,ste1228
FINEMP1229,Sakshi Garg,Relationship Manager,Sales,sakshi.garg@fintechco.com,Delhi,1999-01-29,2021-09-22,FINEMP1007,1190916.54,19,5,87.28,3,2024-10-27,ssa1229
FINEMP1230,Reyansh Khan,Product Manager,Product,reyansh.khan@fintechco.com,Ahmedabad,1996-06-19,2023-07-05,FINEMP1005,412050.15,3,17,93.57,3,2024-07-14,spr1230
FINEMP1231,Vivaan Desai,Security Engineer,Technology,vivaan.desai@fintechco.com,Pune,1994-10-30,2023-08-24,FINEMP1002,1858468.97,9,30,93.12,4,2024-04-10,ste1231
FINEMP1232,Vivaan Chopra,HR Manager,HR,vivaan.chopra@fintechco.com,Chennai,1987-10-26,2023-06-23,FINEMP1005,1682414.13,21,22,96.58,5,2024-03-13,shr1232
FINEMP1233,Reyansh Saxena,DevOps Engineer,Technology,reyansh.saxena@fintechco.com,Ahmedabad,1987-05-04,2020-08-17,FINEMP1002,1916987.83,10,30,95.32,2,2024-06-24,ste1233
FINEMP1234,Ananya Desai,Credit Officer,Finance,ananya.desai@fintechco.com,Bengaluru,1978-06-10,2022-04-27,FINEMP1008,1719703.71,28,16,80.75,3,2025-04-25,sfi1234
FINEMP1235,Ananya Verma,Software Engineer,Technology,ananya.verma@fintechco.com,Lucknow,1980-07-09,2019-07-16,FINEMP1009,1675374.32,5,23,88.75,4,2024-10-09,ste1235
FINEMP1236,Diya Patel,Product Manager,Product,diya.patel@fintechco.com,Bengaluru,1990-04-11,2019-12-29,FINEMP1008,706586.45,30,25,95.69,2,2024-10-12,spr1236
FINEMP1237,Vihaan Patel,Data Analyst,Data,vihaan.patel@fintechco.com,Bengaluru,1987-12-29,2022-04-12,FINEMP1008,1011723.41,5,26,83.99,5,2024-04-17,sda1237
FINEMP1238,Ishaan Bhat,Data Scientist,Data,ishaan.bhat@fintechco.com,Mumbai,1993-11-13,2018-11-15,FINEMP1008,1746982.28,9,2,95.26,3,2024-12-14,sda1238
FINEMP1239,Sakshi Desai,Blockchain Developer,Technology,sakshi.desai@fintechco.com,Pune,1982-07-22,2024-12-12,FINEMP1007,1803870.62,29,0,88.3,4,2025-01-24,ste1239
FINEMP1240,Myra Iyer,Software Engineer,Technology,myra.iyer@fintechco.com,Pune,1987-10-04,2019-11-29,FINEMP1000,841764.29,3,26,94.29,3,2024-04-23,ste1240
FINEMP1241,Ananya Bhat,HR Manager,HR,ananya.bhat@fintechco.com,Kolkata,1998-09-07,2019-03-08,FINEMP1007,1062622.51,0,28,81.58,3,2024-06-16,shr1241
FINEMP1242,Ananya Sharma,Product Manager,Product,ananya.sharma@fintechco.com,Chennai,1989-05-27,2018-12-12,FINEMP1004,703988.39,3,1,84.77,5,2024-12-21,spr1242
FINEMP1243,Akshara Chowdhury,Data Scientist,Data,akshara.chowdhury@fintechco.com,Jaipur,1993-03-28,2018-02-21,FINEMP1008,1277580.68,22,4,85.83,1,2025-04-22,sda1243
FINEMP1244,Myra Iyer,UX Designer,Design,myra.iyer@fintechco.com,Hyderabad,1981-05-16,2023-08-27,FINEMP1001,1189923.75,11,2,99.07,5,2025-01-29,sde1244
FINEMP1245,Sakshi Sharma,Sales Manager,Sales,sakshi.sharma@fintechco.com,Hyderabad,1990-12-30,2018-05-16,FINEMP1006,1967767.02,8,23,80.32,1,2024-09-24,ssa1245
FINEMP1246,Diya Chowdhury,UX Designer,Design,diya.chowdhury@fintechco.com,Mumbai,1979-07-16,2018-05-18,FINEMP1005,1228223.37,26,20,83.5,4,2025-01-06,sde1246
FINEMP1247,Arjun Desai,Credit Officer,Finance,arjun.desai@fintechco.com,Kolkata,1976-04-04,2020-06-30,FINEMP1003,374470.67,6,28,80.84,3,2025-02-04,sfi1247
FINEMP1248,Prisha Sharma,Data Scientist,Data,prisha.sharma@fintechco.com,Bengaluru,1976-03-31,2024-05-29,FINEMP1003,786388.52,27,24,80.96,3,2024-07-31,sda1248
FINEMP1249,Amaira Malhotra,Blockchain Developer,Technology,amaira.malhotra@fintechco.com,Hyderabad,1989-12-17,2021-04-16,FINEMP1005,1955330.09,15,22,89.95,5,2024-07-26,ste1249
FINEMP1250,Akshara Nair,Credit Officer,Finance,akshara.nair@fintechco.com,Hyderabad,1995-07-02,2024-12-29,FINEMP1002,1227306.48,10,3,81.6,3,2024-08-26,sfi1250
FINEMP1251,Saanvi Verma,Blockchain Developer,Technology,saanvi.verma@fintechco.com,Lucknow,1998-06-21,2021-10-11,FINEMP1005,1060120.42,23,27,98.23,5,2024-12-03,ste1251
FINEMP1252,Ishaan Bhat,Credit Officer,Finance,ishaan.bhat@fintechco.com,Hyderabad,1987-05-13,2022-05-14,FINEMP1002,1919741.97,4,27,92.15,4,2024-01-28,sfi1252
FINEMP1253,Ananya Chopra,QA Engineer,Quality Assurance,ananya.chopra@fintechco.com,Mumbai,1987-04-28,2021-04-04,FINEMP1009,355055.05,4,21,89.0,3,2024-10-15,sqa1253
FINEMP1254,Saanvi Chopra,UX Designer,Design,saanvi.chopra@fintechco.com,Lucknow,1993-01-05,2021-02-14,FINEMP1006,834455.25,8,7,99.21,1,2024-05-24,sde1254
FINEMP1255,Sai Saxena,Software Engineer,Technology,sai.saxena@fintechco.com,Chennai,1979-01-03,2020-03-24,FINEMP1004,1496864.28,6,19,85.71,4,2024-06-04,ste1255
FINEMP1256,Amaira Desai,Credit Officer,Finance,amaira.desai@fintechco.com,Kolkata,1980-11-15,2024-01-26,FINEMP1007,1995346.09,25,21,99.35,3,2024-09-26,sfi1256
FINEMP1257,Akshara Sharma,Risk Analyst,Risk,akshara.sharma@fintechco.com,Bengaluru,1985-03-16,2019-05-05,FINEMP1002,1649283.85,16,7,82.43,2,2024-04-17,sri1257
FINEMP1258,Diya Reddy,Sales Manager,Sales,diya.reddy@fintechco.com,Mumbai,1993-11-07,2022-11-14,FINEMP1005,1094589.93,17,4,92.24,1,2024-02-21,ssa1258
FINEMP1259,Isha Mehta,Data Scientist,Data,isha.mehta@fintechco.com,Chennai,1988-12-23,2024-07-17,FINEMP1006,1699676.98,2,4,99.45,1,2024-12-15,sda1259
FINEMP1260,Saanvi Saxena,DevOps Engineer,Technology,saanvi.saxena@fintechco.com,Lucknow,1993-10-04,2023-06-11,FINEMP1009,609337.33,30,4,88.65,1,2024-04-06,ste1260
FINEMP1261,Sakshi Desai,HR Manager,HR,sakshi.desai@fintechco.com,Lucknow,1980-07-05,2020-09-29,FINEMP1003,888239.24,30,16,97.9,1,2024-07-13,shr1261
FINEMP1262,Avni Sharma,Customer Support,Operations,avni.sharma@fintechco.com,Lucknow,1996-04-07,2020-07-29,FINEMP1009,1206912.65,16,20,83.37,5,2024-04-29,sop1262
FINEMP1263,Arjun Verma,Product Manager,Product,arjun.verma@fintechco.com,Mumbai,1994-03-06,2018-05-08,FINEMP1000,438078.85,30,20,95.42,3,2024-06-12,spr1263
FINEMP1264,Vihaan Nair,Product Manager,Product,vihaan.nair@fintechco.com,Ahmedabad,1991-12-12,2023-05-03,FINEMP1008,792441.82,30,9,89.66,4,2024-08-19,spr1264
FINEMP1265,Saanvi Chopra,Relationship Manager,Sales,saanvi.chopra@fintechco.com,Lucknow,1989-12-16,2021-07-15,FINEMP1007,1089551.67,10,19,82.87,3,2024-09-25,ssa1265
FINEMP1266,Prisha Desai,DevOps Engineer,Technology,prisha.desai@fintechco.com,Chennai,1994-02-09,2018-11-26,FINEMP1005,710954.36,3,8,88.99,2,2024-03-16,ste1266
FINEMP1267,Advik Kapoor,Software Engineer,Technology,advik.kapoor@fintechco.com,Jaipur,1989-03-24,2020-02-11,FINEMP1002,1682912.34,29,18,94.42,2,2024-05-03,ste1267
FINEMP1268,Sai Saxena,Data Analyst,Data,sai.saxena@fintechco.com,Kolkata,1985-07-01,2022-03-26,FINEMP1000,453083.46,12,16,89.14,2,2024-06-16,sda1268
FINEMP1269,Vihaan Malhotra,Relationship Manager,Sales,vihaan.malhotra@fintechco.com,Ahmedabad,1984-07-28,2022-03-18,FINEMP1009,1799977.11,20,21,89.41,5,2024-01-07,ssa1269
FINEMP1270,Amaira Nair,Treasury Analyst,Finance,amaira.nair@fintechco.com,Bengaluru,1999-10-03,2021-02-10,FINEMP1006,922093.5,12,1,91.41,2,2024-10-08,sfi1270
FINEMP1271,Shaurya Kapoor,Credit Officer,Finance,shaurya.kapoor@fintechco.com,Hyderabad,1992-02-27,2021-10-31,FINEMP1008,775525.15,19,21,92.22,2,2024-03-16,sfi1271
FINEMP1272,Prisha Malhotra,Security Engineer,Technology,prisha.malhotra@fintechco.com,Chennai,1987-06-10,2024-06-03,FINEMP1002,638398.4,16,12,90.0,1,2024-01-31,ste1272
FINEMP1273,Ananya Khan,Data Scientist,Data,ananya.khan@fintechco.com,Chennai,1990-07-20,2019-04-08,FINEMP1009,1818323.88,4,10,98.63,3,2024-05-06,sda1273
FINEMP1274,Prisha Verma,HR Manager,HR,prisha.verma@fintechco.com,Jaipur,1986-06-12,2022-04-26,FINEMP1008,1204977.71,22,18,86.0,1,2024-10-13,shr1274
FINEMP1275,Krishna Chowdhury,Blockchain Developer,Technology,krishna.chowdhury@fintechco.com,Jaipur,1985-06-20,2024-10-11,FINEMP1000,1314746.35,8,30,93.11,5,2025-03-24,ste1275
FINEMP1276,Diya Bhat,UX Designer,Design,diya.bhat@fintechco.com,Kolkata,1980-10-20,2022-06-17,FINEMP1009,1616830.42,12,4,96.43,2,2024-01-25,sde1276
FINEMP1277,Vihaan Chowdhury,Marketing Manager,Marketing,vihaan.chowdhury@fintechco.com,Ahmedabad,1990-01-03,2020-09-01,FINEMP1006,557433.14,22,6,88.21,5,2025-01-01,sma1277
FINEMP1278,Advik Desai,Compliance Officer,Compliance,advik.desai@fintechco.com,Delhi,1994-01-31,2020-10-06,FINEMP1007,1193311.16,10,30,83.46,5,2024-09-22,sco1278
FINEMP1279,Shaurya Malhotra,Customer Support,Operations,shaurya.malhotra@fintechco.com,Jaipur,1991-06-23,2019-08-21,FINEMP1003,774310.87,9,7,98.83,3,2024-08-12,sop1279
FINEMP1280,Avni Reddy,Security Engineer,Technology,avni.reddy@fintechco.com,Kolkata,1986-11-13,2022-10-08,FINEMP1004,789241.94,18,21,90.86,4,2024-09-25,ste1280
FINEMP1281,Ananya Kapoor,Relationship Manager,Sales,ananya.kapoor@fintechco.com,Bengaluru,1999-04-20,2018-09-03,FINEMP1005,1870816.37,20,8,94.95,2,2024-06-05,ssa1281
FINEMP1282,Shaurya Joshi,Risk Analyst,Risk,shaurya.joshi@fintechco.com,Bengaluru,1979-09-02,2018-12-06,FINEMP1009,1559514.66,7,7,81.02,5,2024-06-24,sri1282
FINEMP1283,Diya Bhat,Financial Analyst,Finance,diya.bhat@fintechco.com,Hyderabad,1986-03-28,2024-02-07,FINEMP1007,470926.34,24,4,80.1,5,2024-05-02,sfi1283
FINEMP1284,Reyansh Reddy,Data Scientist,Data,reyansh.reddy@fintechco.com,Delhi,1984-10-09,2020-09-24,FINEMP1004,1398026.46,29,24,81.79,5,2024-06-29,sda1284
FINEMP1285,Shaurya Bhat,Business Analyst,Business,shaurya.bhat@fintechco.com,Hyderabad,1980-12-24,2018-04-23,FINEMP1006,1639533.07,5,29,94.98,3,2024-01-30,sbu1285
FINEMP1286,Aarav Kapoor,UX Designer,Design,aarav.kapoor@fintechco.com,Jaipur,1978-08-26,2020-11-06,FINEMP1004,1072393.43,20,17,90.49,2,2025-01-26,sde1286
FINEMP1287,Saanvi Joshi,Marketing Manager,Marketing,saanvi.joshi@fintechco.com,Pune,1986-04-02,2019-05-20,FINEMP1007,1402085.08,22,5,80.28,3,2024-08-17,sma1287
FINEMP1288,Vihaan Gupta,Business Analyst,Business,vihaan.gupta@fintechco.com,Jaipur,1996-09-24,2021-06-13,FINEMP1006,1175977.12,2,12,93.39,2,2024-04-19,sbu1288
FINEMP1289,Sai Khan,QA Engineer,Quality Assurance,sai.khan@fintechco.com,Ahmedabad,1983-11-15,2021-04-06,FINEMP1003,1059450.39,8,30,86.59,5,2025-03-20,sqa1289
FINEMP1290,Aarav Joshi,DevOps Engineer,Technology,aarav.joshi@fintechco.com,Delhi,1977-02-11,2023-09-06,FINEMP1001,1091171.48,5,12,93.72,3,2024-04-01,ste1290
FINEMP1291,Isha Malhotra,Product Manager,Product,isha.malhotra@fintechco.com,Delhi,1982-06-16,2019-02-19,FINEMP1007,560415.46,23,19,87.47,5,2024-12-31,spr1291
FINEMP1292,Shaurya Gupta,QA Engineer,Quality Assurance,shaurya.gupta@fintechco.com,Jaipur,1977-10-14,2022-06-21,FINEMP1007,1197894.31,11,2,98.34,1,2024-02-17,sqa1292
FINEMP1293,Shaurya Saxena,Marketing Manager,Marketing,shaurya.saxena@fintechco.com,Jaipur,1993-04-05,2019-04-11,FINEMP1002,857799.98,16,14,82.32,2,2025-03-28,sma1293
FINEMP1294,Sai Chopra,Compliance Officer,Compliance,sai.chopra@fintechco.com,Kolkata,1976-11-22,2021-11-09,FINEMP1002,1172521.33,14,18,81.15,4,2024-08-27,sco1294
FINEMP1295,Aarav Mehta,Customer Support,Operations,aarav.mehta@fintechco.com,Ahmedabad,1982-05-31,2022-12-02,FINEMP1001,376992.66,11,22,81.28,1,2024-02-23,sop1295
FINEMP1296,Sai Bhat,HR Manager,HR,sai.bhat@fintechco.com,Hyderabad,1981-02-14,2024-07-17,FINEMP1002,1601907.06,23,20,99.28,3,2024-10-24,shr1296
FINEMP1297,Saanvi Mehta,Software Engineer,Technology,saanvi.mehta@fintechco.com,Pune,1998-03-25,2023-08-19,FINEMP1008,526082.67,27,11,82.37,5,2024-11-01,ste1297
FINEMP1298,Sakshi Desai,QA Engineer,Quality Assurance,sakshi.desai@fintechco.com,Ahmedabad,1975-10-10,2020-07-15,FINEMP1007,1444949.76,17,13,90.64,2,2024-07-11,sqa1298
FINEMP1299,Saanvi Malhotra,Treasury Analyst,Finance,saanvi.malhotra@fintechco.com,Bengaluru,1981-05-31,2024-03-02,FINEMP1001,354769.44,21,13,92.3,1,2024-07-05,sfi1299
